id,view_web
f9ac3d5f16cf46a0b000b2cf3dee39df,379
f97bf03bd79943a297fbb63194441207,548
f88d3ea010aa4499948fdecf033ac211,407
f6830fa64479452fab6bdfda2466d5a2,374
f56debda9f624caa96272fce903bb7dd,528
f3c73564bd2a4789965aebf055fb7e2e,9
f3afea952b2a40109df9ba1145d8376c,538
f0c5539708ab4d0ab8fd87ebf797820b,467
efe3a729e21040f6b51f190e1231c009,480
efc7b6122b184cad832557864b61f613,493
ecc08bdf5855439a9ca64a903ccf9a6a,574
e91ae0d4d80f40c891644b310ecf6a04,432
e9150d6b4f394c089146df6e9c85034f,7
e87b3d36880b4cf0b16824b51a938920,342
e7efb0b8d551499786d2584dc58fc1f8,460
e69fd85810b447b2b138c03ca32be99a,10
e365a8a1f7c04a929f003cd7ad029ab9,427
e220bf685b7647f380ad08bf18236abf,13
e1daaf3443354ae395657db9e6a17265,480
dc5f4c26fb874e7a976c4b3f95f0dddf,14
d82bfc58cbd74362b5f8b5f0d61ca8e6,10
d77c9854f05246ceb4d8daa64e110f11,12
d74135185c7e46708629e7cdbbb24403,576
d58e074c94824761bab6a40a2c1797de,13
d3e89164334c46ada1341deec57f80c3,429
d1b37588d1c8480fbe991647ba492453,398
d0a7ba28a7ca49db85a868dff4ceaf28,373
d089ff7c014c446e88b2d951bd050fb2,8
ceb77fa32de648d483ae14e3edcb1af9,418
ce62aab19baa4bc58802c4d24a56cedf,8
cc42ec3d60a944589a80de701ca1fa99,15
cadffe6ec1ff4df3bdde44f727ad748c,414
ca57d4cab50744649833a7f7d7509abc,477
bd1821b7d61e48b6b6e803ac7290a52d,463
bbb6cc33dc4349c69605864d3b90fc3f,339
b69d20cd9a534a2491e44e087ce289b8,569
ad879dd2609d47dc871cfef06a5d2c17,496
a3d70149bd0a4d839fe496bdb5f5d9b3,8
a2fb4b2795d14e21b78dd9e8dcfa94b7,405
9e1e75349da44492a2ea3d8f136ebd3b,537
9b4d5204bd4340adb0e3fb3837467d26,556
9abbd03692c64ef3ac18b45314b28472,385
993c9bf4cc9b464886aa2cc4489833ea,6
9784584fda944adc9e9ec3918a39f2a6,483
969dd56310904bf2bd5dfd42cde71403,592
934a145a77cb4049b53dc5fa4293e945,11
9001cf84b0554b65afbaf7bd2905f044,429
8f635e70e54f41a4a596e4cbdacd4396,476
8d1ac196388c4db698a98b3849feab64,505
8a8e3d43d13848169ea7220a83f55c4a,417
869a642205e8482ea40036cb7f639282,8
856edea4216d4570853d8b638c99c1e2,348
819709b84b10447b9763cc66bd59dabd,398
8103aa2782c543598327e599c4b66154,13
8047df795292488bb91e7670f5a99f43,499
7d11bbbc53d14481b219d47247e78ace,568
78736a3afd8747ea9a5ede5851712d7a,10
739a23de1d534747a01da33d499120c4,574
71b6c3da98c647b08b835261ca0ad135,11
71960c8c2dc84f8e9411f0b6e7617f9e,398
70293b4db02a47888087445125ad3ddb,450
6fc70cd9bd244541920402ae9bbbad9b,418
6c7cdea0b8fb4335a02189bf104f0d2e,410
6b9224136ff74fa9b1cce4ffb7fe3cbe,13
6b4cc4e6420b44e4b95634e2f3f66b95,11
67878ed57ac8493db3b657f5272d07f8,13
60b22c57caa0423a8d3591798a72f0a5,419
5fc4e461739b47aba45a9d1165e41cdf,379
58141c0b8ed04575a0dd074fb77ccd6f,402
54ac2194c7164087b37edc3ef9c45aa6,477
4d757b8daa2b47d99e697612b9a32ecd,13
4c195a1033e4420ba57b4d2599c9a636,12
4b5ed30955bc4bf3b3ad57039053bc57,13
4abf768a2a1342fa84dc115d87af34a2,405
49e9c604a8b64cb2bcd226800c6a8cf5,539
496fd39793b84d87b6ddeef8327ab0d9,458
45e0523fe02d422ab2fc91bb5c67ebc6,545
454593a6b7034bd9b0d4dbbb181adb21,560
4317fc7cca584e388d0c5b5b787b170e,10
3d5101eeea1a40acbe71ebe05801a6f5,548
3ce3fd1005324618b802741fb418def7,10
3b38db60646641ff935421bb36e77ffd,14
394978f0cf62432a8b0361137290d68b,489
3828feb3b95c4f9a8bb771c976d286a7,378
31f604bb71f64961b382b1ff52b3e771,517
3067409d23d04097b842c3e02112b0a3,10
305228f683c94543b44254902faf34cd,404
2a073a63c6e046198924a6776e12413e,368
2670d09cef244dd3b9c36501115b6800,529
2602c52c04694026a697f65bac066835,510
2447983cd44847349496238a7a8e95d8,440
1f01551b2a1048f096a77618c1520727,11
1beb2bbf03614495b8bc9a4d2999b840,395
1a2fefd3c1494224977eec61647e3655,578
1668a770eff34814b47e70a60def5408,469
13a3ee4be10c43d98af9a7c3ca9f3e40,488
0ce9d99c9eda43c38c95891f79ef7e61,450
0a5e6748e0c541488f097be6c32ce9e4,429
09ae174f1a0946f5848693f694e3e3b1,11
09a92c36e10247b3b6d35f639ec9c097,498
09264a55348b4be1ab7387fb079667e8,470
0924f8f6a81c4ce89c0e3c9f6db4493d,391
05be4424291c45f2a201351a109f9a49,552
058b4f158bb34a1eb75074270095aae6,485
0099159dc1c5406c9de9755c9d2d7d61,387
